username,name,surname,password
user1,Olivia,Davis,pass1123
user2,Anna,Miller,pass2123
user3,Mike,Smith,pass3123
user4,Liam,Wilson,pass4123
user5,Liam,Johnson,pass5123
user6,Olivia,Martinez,pass6123
user7,Laura,Jones,pass7123
user8,Laura,Smith,pass8123
user9,Laura,Garcia,pass9123
user10,Emma,Williams,pass10123
user11,John,Smith,pass11123
user12,Mike,Williams,pass12123
user13,Sophie,Martinez,pass13123
user14,Laura,Miller,pass14123
user15,Laura,Garcia,pass15123
user16,Sophie,Brown,pass16123
user17,Mike,Jones,pass17123
user18,Liam,Smith,pass18123
user19,Anna,Wilson,pass19123
user20,John,Martinez,pass20123
user21,Chris,Davis,pass21123
user22,Olivia,Garcia,pass22123
user23,Liam,Johnson,pass23123
user24,David,Martinez,pass24123
user25,Mike,Wilson,pass25123
user26,Liam,Martinez,pass26123
user27,Emma,Smith,pass27123
user28,Liam,Wilson,pass28123
user29,John,Garcia,pass29123
user30,Anna,Jones,pass30123
user31,John,Miller,pass31123
user32,David,Johnson,pass32123
user33,Mike,Miller,pass33123
user34,John,Wilson,pass34123
user35,Sophie,Williams,pass35123
user36,Liam,Miller,pass36123
user37,Laura,Williams,pass37123
user38,Mike,Miller,pass38123
user39,David,Garcia,pass39123
user40,David,Wilson,pass40123
user41,Anna,Johnson,pass41123
user42,Anna,Wilson,pass42123
user43,Laura,Smith,pass43123
user44,Anna,Martinez,pass44123
user45,Sophie,Miller,pass45123
user46,Emma,Davis,pass46123
user47,Emma,Jones,pass47123
user48,Laura,Miller,pass48123
user49,Liam,Miller,pass49123
user50,Laura,Davis,pass50123
user51,Anna,Miller,pass51123
user52,Laura,Martinez,pass52123
user53,Liam,Johnson,pass53123
user54,Sophie,Davis,pass54123
user55,Liam,Martinez,pass55123
user56,Chris,Brown,pass56123
user57,Olivia,Miller,pass57123
user58,Mike,Martinez,pass58123
user59,Sophie,Wilson,pass59123
user60,John,Davis,pass60123
user61,Sophie,Jones,pass61123
user62,Anna,Davis,pass62123
user63,Liam,Miller,pass63123
user64,Laura,Brown,pass64123
user65,Liam,Martinez,pass65123
user66,John,Garcia,pass66123
user67,Emma,Jones,pass67123
user68,David,Miller,pass68123
user69,Mike,Miller,pass69123
user70,Laura,Williams,pass70123
user71,John,Wilson,pass71123
user72,Mike,Brown,pass72123
user73,Emma,Johnson,pass73123
user74,Anna,Wilson,pass74123
user75,Laura,Davis,pass75123
user76,Mike,Smith,pass76123
user77,Olivia,Jones,pass77123
user78,Olivia,Davis,pass78123
user79,David,Miller,pass79123
user80,Olivia,Wilson,pass80123
user81,Anna,Garcia,pass81123
user82,Laura,Brown,pass82123
user83,Anna,Johnson,pass83123
user84,David,Jones,pass84123
user85,Laura,Garcia,pass85123
user86,Chris,Williams,pass86123
user87,David,Miller,pass87123
user88,Chris,Williams,pass88123
user89,Emma,Wilson,pass89123
user90,John,Garcia,pass90123
user91,Anna,Jones,pass91123
user92,Laura,Brown,pass92123
user93,David,Garcia,pass93123
user94,John,Brown,pass94123
user95,Olivia,Jones,pass95123
user96,Mike,Brown,pass96123
user97,Emma,Davis,pass97123
user98,Olivia,Davis,pass98123
user99,Emma,Miller,pass99123
user100,Emma,Wilson,pass100123
user101,Olivia,Williams,pass101123
user102,Olivia,Martinez,pass102123
user103,Sophie,Brown,pass103123
user104,Laura,Miller,pass104123
user105,David,Garcia,pass105123
user106,David,Jones,pass106123
user107,Emma,Jones,pass107123
user108,Anna,Williams,pass108123
user109,Olivia,Wilson,pass109123
user110,Laura,Wilson,pass110123
user111,Sophie,Williams,pass111123
user112,David,Garcia,pass112123
user113,Mike,Martinez,pass113123
user114,Anna,Jones,pass114123
user115,Sophie,Smith,pass115123
user116,David,Johnson,pass116123
user117,Anna,Martinez,pass117123
user118,Olivia,Martinez,pass118123
user119,Anna,Wilson,pass119123
user120,John,Miller,pass120123
user121,John,Smith,pass121123
user122,Sophie,Brown,pass122123
user123,Sophie,Johnson,pass123123
user124,Olivia,Wilson,pass124123
user125,Laura,Johnson,pass125123
user126,Chris,Jones,pass126123
user127,John,Johnson,pass127123
user128,Mike,Garcia,pass128123
user129,Anna,Garcia,pass129123
user130,Mike,Miller,pass130123
user131,Olivia,Smith,pass131123
user132,Olivia,Jones,pass132123
user133,Chris,Johnson,pass133123
user134,Sophie,Williams,pass134123
user135,Liam,Garcia,pass135123
user136,Liam,Miller,pass136123
user137,Anna,Martinez,pass137123
user138,Emma,Martinez,pass138123
user139,Mike,Jones,pass139123
user140,Sophie,Johnson,pass140123
user141,Sophie,Brown,pass141123
user142,Emma,Martinez,pass142123
user143,Chris,Wilson,pass143123
user144,John,Brown,pass144123
user145,Sophie,Jones,pass145123
user146,Liam,Garcia,pass146123
user147,David,Brown,pass147123
user148,Chris,Wilson,pass148123
user149,Anna,Johnson,pass149123
user150,Mike,Williams,pass150123
user151,Emma,Davis,pass151123
user152,Olivia,Johnson,pass152123
user153,Olivia,Jones,pass153123
user154,Liam,Miller,pass154123
user155,Emma,Davis,pass155123
user156,Emma,Brown,pass156123
user157,Sophie,Wilson,pass157123
user158,Emma,Martinez,pass158123
user159,Olivia,Davis,pass159123
user160,David,Jones,pass160123
user161,John,Jones,pass161123
user162,David,Davis,pass162123
user163,Sophie,Garcia,pass163123
user164,Olivia,Martinez,pass164123
user165,Sophie,Miller,pass165123
user166,Sophie,Smith,pass166123
user167,Olivia,Garcia,pass167123
user168,Anna,Williams,pass168123
user169,David,Brown,pass169123
user170,Anna,Martinez,pass170123
user171,John,Garcia,pass171123
user172,Mike,Wilson,pass172123
user173,Laura,Wilson,pass173123
user174,Anna,Smith,pass174123
user175,Liam,Jones,pass175123
user176,Laura,Garcia,pass176123
user177,David,Johnson,pass177123
user178,Sophie,Wilson,pass178123
user179,Olivia,Jones,pass179123
user180,Liam,Williams,pass180123
user181,Laura,Wilson,pass181123
user182,John,Williams,pass182123
user183,Emma,Miller,pass183123
user184,Mike,Jones,pass184123
user185,Sophie,Smith,pass185123
user186,Sophie,Jones,pass186123
user187,Laura,Miller,pass187123
user188,John,Miller,pass188123
user189,Mike,Jones,pass189123
user190,Mike,Smith,pass190123
user191,Liam,Miller,pass191123
user192,Chris,Smith,pass192123
user193,John,Johnson,pass193123
user194,Laura,Brown,pass194123
user195,Laura,Jones,pass195123
user196,David,Davis,pass196123
user197,David,Johnson,pass197123
user198,Olivia,Smith,pass198123
user199,Chris,Davis,pass199123
user200,Anna,Johnson,pass200123
user201,Olivia,Martinez,pass201123
user202,Mike,Martinez,pass202123
user203,David,Johnson,pass203123
user204,Laura,Wilson,pass204123
user205,Mike,Miller,pass205123
user206,Mike,Martinez,pass206123
user207,Anna,Miller,pass207123
user208,Mike,Garcia,pass208123
user209,Liam,Jones,pass209123
user210,Emma,Martinez,pass210123
user211,John,Davis,pass211123
user212,Chris,Brown,pass212123
user213,Emma,Jones,pass213123
user214,Mike,Garcia,pass214123
user215,Olivia,Smith,pass215123
user216,Liam,Martinez,pass216123
user217,Mike,Miller,pass217123
user218,Mike,Jones,pass218123
user219,Olivia,Jones,pass219123
user220,Mike,Davis,pass220123
user221,Sophie,Martinez,pass221123
user222,Sophie,Jones,pass222123
user223,Mike,Williams,pass223123
user224,Emma,Williams,pass224123
user225,John,Smith,pass225123
user226,Liam,Garcia,pass226123
user227,Liam,Johnson,pass227123
user228,David,Wilson,pass228123
user229,Laura,Miller,pass229123
user230,Mike,Jones,pass230123
user231,Liam,Davis,pass231123
user232,Sophie,Davis,pass232123
user233,Laura,Garcia,pass233123
user234,Liam,Johnson,pass234123
user235,Emma,Jones,pass235123
user236,Mike,Martinez,pass236123
user237,Liam,Miller,pass237123
user238,David,Davis,pass238123
user239,Olivia,Johnson,pass239123
user240,John,Davis,pass240123
user241,Sophie,Brown,pass241123
user242,John,Martinez,pass242123
user243,Anna,Smith,pass243123
user244,Chris,Martinez,pass244123
user245,Sophie,Smith,pass245123
user246,Emma,Jones,pass246123
user247,Emma,Johnson,pass247123
user248,Olivia,Davis,pass248123
user249,Anna,Brown,pass249123
user250,Laura,Johnson,pass250123
user251,Mike,Wilson,pass251123
user252,Sophie,Davis,pass252123
user253,Sophie,Williams,pass253123
user254,Sophie,Brown,pass254123
user255,Sophie,Brown,pass255123
user256,Emma,Brown,pass256123
user257,Anna,Garcia,pass257123
user258,Sophie,Davis,pass258123
user259,Anna,Miller,pass259123
user260,Olivia,Martinez,pass260123
user261,John,Martinez,pass261123
user262,David,Miller,pass262123
user263,David,Smith,pass263123
user264,Chris,Martinez,pass264123
user265,John,Smith,pass265123
user266,Liam,Martinez,pass266123
user267,Olivia,Wilson,pass267123
user268,Emma,Davis,pass268123
user269,Liam,Smith,pass269123
user270,Liam,Garcia,pass270123
user271,Emma,Jones,pass271123
user272,Emma,Williams,pass272123
user273,Sophie,Davis,pass273123
user274,Laura,Johnson,pass274123
user275,Olivia,Garcia,pass275123
user276,Liam,Martinez,pass276123
user277,Mike,Jones,pass277123
user278,David,Miller,pass278123
user279,Anna,Brown,pass279123
user280,John,Martinez,pass280123
user281,Anna,Johnson,pass281123
user282,David,Smith,pass282123
user283,Olivia,Martinez,pass283123
user284,Emma,Miller,pass284123
user285,Mike,Miller,pass285123
user286,Mike,Williams,pass286123
user287,Laura,Martinez,pass287123
user288,Chris,Brown,pass288123
user289,Mike,Williams,pass289123
user290,John,Brown,pass290123
user291,Sophie,Garcia,pass291123
user292,Olivia,Jones,pass292123
user293,Chris,Johnson,pass293123
user294,Laura,Garcia,pass294123
user295,Emma,Johnson,pass295123
user296,David,Johnson,pass296123
user297,Sophie,Miller,pass297123
user298,Olivia,Martinez,pass298123
user299,Laura,Garcia,pass299123
user300,Liam,Martinez,pass300123
user301,John,Wilson,pass301123
user302,John,Brown,pass302123
user303,Chris,Miller,pass303123
user304,John,Brown,pass304123
user305,Chris,Johnson,pass305123
user306,John,Martinez,pass306123
user307,Olivia,Johnson,pass307123
user308,Chris,Miller,pass308123
user309,David,Miller,pass309123
user310,Emma,Williams,pass310123
user311,Mike,Brown,pass311123
user312,Chris,Smith,pass312123
user313,Olivia,Miller,pass313123
user314,John,Garcia,pass314123
user315,David,Smith,pass315123
user316,Laura,Miller,pass316123
user317,Anna,Wilson,pass317123
user318,Emma,Davis,pass318123
user319,Olivia,Martinez,pass319123
user320,Emma,Martinez,pass320123
user321,David,Garcia,pass321123
user322,John,Smith,pass322123
user323,Sophie,Martinez,pass323123
user324,John,Garcia,pass324123
user325,Laura,Martinez,pass325123
user326,Chris,Williams,pass326123
user327,Chris,Davis,pass327123
user328,Emma,Wilson,pass328123
user329,John,Smith,pass329123
user330,Emma,Davis,pass330123
user331,Mike,Martinez,pass331123
user332,Sophie,Johnson,pass332123
user333,Mike,Williams,pass333123
user334,Emma,Smith,pass334123
user335,David,Martinez,pass335123
user336,Liam,Brown,pass336123
user337,Olivia,Brown,pass337123
user338,David,Brown,pass338123
user339,Laura,Williams,pass339123
user340,Emma,Brown,pass340123
user341,Olivia,Wilson,pass341123
user342,Chris,Brown,pass342123
user343,Laura,Davis,pass343123
user344,Anna,Williams,pass344123
user345,Emma,Smith,pass345123
user346,Anna,Williams,pass346123
user347,Mike,Wilson,pass347123
user348,Chris,Wilson,pass348123
user349,Laura,Miller,pass349123
user350,Emma,Miller,pass350123
user351,Liam,Miller,pass351123
user352,Laura,Brown,pass352123
user353,Anna,Garcia,pass353123
user354,Chris,Williams,pass354123
user355,Laura,Davis,pass355123
user356,Anna,Garcia,pass356123
user357,Liam,Davis,pass357123
user358,John,Garcia,pass358123
user359,Olivia,Williams,pass359123
user360,Mike,Smith,pass360123
user361,Anna,Brown,pass361123
user362,Laura,Garcia,pass362123
user363,Olivia,Wilson,pass363123
user364,David,Jones,pass364123
user365,Anna,Smith,pass365123
user366,Liam,Martinez,pass366123
user367,Laura,Williams,pass367123
user368,Emma,Brown,pass368123
user369,Emma,Davis,pass369123
user370,Laura,Davis,pass370123
user371,Chris,Wilson,pass371123
user372,Mike,Williams,pass372123
user373,Chris,Wilson,pass373123
user374,Laura,Jones,pass374123
user375,John,Martinez,pass375123
user376,Olivia,Davis,pass376123
user377,Anna,Garcia,pass377123
user378,David,Williams,pass378123
user379,David,Jones,pass379123
user380,Emma,Miller,pass380123
user381,David,Wilson,pass381123
user382,Mike,Jones,pass382123
user383,Anna,Jones,pass383123
user384,David,Miller,pass384123
user385,Emma,Smith,pass385123
user386,David,Davis,pass386123
user387,Olivia,Jones,pass387123
user388,Anna,Jones,pass388123
user389,Laura,Miller,pass389123
user390,David,Miller,pass390123
user391,Liam,Johnson,pass391123
user392,David,Johnson,pass392123
user393,Mike,Wilson,pass393123
user394,Laura,Brown,pass394123
user395,Emma,Wilson,pass395123
user396,Chris,Smith,pass396123
user397,Anna,Wilson,pass397123
user398,Mike,Miller,pass398123
user399,Sophie,Johnson,pass399123
user400,Liam,Jones,pass400123
user401,Emma,Martinez,pass401123
user402,Laura,Johnson,pass402123
user403,Laura,Martinez,pass403123
user404,Anna,Johnson,pass404123
user405,Chris,Wilson,pass405123
user406,Sophie,Wilson,pass406123
user407,Sophie,Davis,pass407123
user408,John,Jones,pass408123
user409,Anna,Miller,pass409123
user410,Mike,Wilson,pass410123
user411,Emma,Davis,pass411123
user412,Sophie,Williams,pass412123
user413,Chris,Jones,pass413123
user414,Mike,Jones,pass414123
user415,Chris,Davis,pass415123
user416,Liam,Williams,pass416123
user417,John,Miller,pass417123
user418,Liam,Wilson,pass418123
user419,Mike,Miller,pass419123
user420,Anna,Brown,pass420123
user421,Liam,Wilson,pass421123
user422,John,Jones,pass422123
user423,Emma,Smith,pass423123
user424,Olivia,Smith,pass424123
user425,David,Martinez,pass425123
user426,Laura,Garcia,pass426123
user427,Anna,Johnson,pass427123
user428,Laura,Johnson,pass428123
user429,Mike,Davis,pass429123
user430,Liam,Johnson,pass430123
user431,Olivia,Miller,pass431123
user432,Sophie,Garcia,pass432123
user433,Liam,Miller,pass433123
user434,Olivia,Martinez,pass434123
user435,Emma,Wilson,pass435123
user436,Mike,Miller,pass436123
user437,Liam,Johnson,pass437123
user438,Mike,Davis,pass438123
user439,Emma,Jones,pass439123
user440,Laura,Wilson,pass440123
user441,Anna,Wilson,pass441123
user442,Olivia,Davis,pass442123
user443,Laura,Wilson,pass443123
user444,Sophie,Garcia,pass444123
user445,Chris,Davis,pass445123
user446,Liam,Garcia,pass446123
user447,Mike,Smith,pass447123
user448,Chris,Miller,pass448123
user449,John,Smith,pass449123
user450,Laura,Davis,pass450123
user451,Sophie,Johnson,pass451123
user452,Mike,Smith,pass452123
user453,Laura,Garcia,pass453123
user454,John,Martinez,pass454123
user455,Chris,Brown,pass455123
user456,David,Martinez,pass456123
user457,Liam,Miller,pass457123
user458,Anna,Smith,pass458123
user459,Emma,Smith,pass459123
user460,Mike,Davis,pass460123
user461,Anna,Wilson,pass461123
user462,David,Martinez,pass462123
user463,Chris,Brown,pass463123
user464,Olivia,Wilson,pass464123
user465,Sophie,Davis,pass465123
user466,Anna,Miller,pass466123
user467,Anna,Brown,pass467123
user468,Emma,Garcia,pass468123
user469,Emma,Johnson,pass469123
user470,Anna,Martinez,pass470123
user471,Chris,Johnson,pass471123
user472,Olivia,Brown,pass472123
user473,John,Jones,pass473123
user474,John,Miller,pass474123
user475,Laura,Brown,pass475123
user476,Chris,Miller,pass476123
user477,Laura,Miller,pass477123
user478,Laura,Jones,pass478123
user479,Chris,Smith,pass479123
user480,Chris,Garcia,pass480123
user481,John,Davis,pass481123
user482,Liam,Davis,pass482123
user483,Olivia,Johnson,pass483123
user484,Mike,Wilson,pass484123
user485,Olivia,Miller,pass485123
user486,Laura,Garcia,pass486123
user487,Laura,Wilson,pass487123
user488,Chris,Brown,pass488123
user489,John,Johnson,pass489123
user490,Laura,Brown,pass490123
user491,John,Brown,pass491123
user492,David,Brown,pass492123
user493,Olivia,Williams,pass493123
user494,Sophie,Johnson,pass494123
user495,Olivia,Johnson,pass495123
user496,David,Wilson,pass496123
user497,Emma,Johnson,pass497123
user498,Chris,Brown,pass498123
user499,Olivia,Brown,pass499123
user500,Laura,Miller,pass500123
user501,Anna,Jones,pass501123
user502,David,Wilson,pass502123
user503,Chris,Johnson,pass503123
user504,David,Jones,pass504123
user505,John,Miller,pass505123
user506,John,Davis,pass506123
user507,Liam,Garcia,pass507123
user508,John,Garcia,pass508123
user509,Laura,Davis,pass509123
user510,Anna,Jones,pass510123
user511,Laura,Wilson,pass511123
user512,Mike,Garcia,pass512123
user513,Chris,Davis,pass513123
user514,Sophie,Garcia,pass514123
user515,Olivia,Jones,pass515123
user516,Laura,Miller,pass516123
user517,Mike,Williams,pass517123
user518,David,Davis,pass518123
user519,Olivia,Jones,pass519123
user520,Mike,Brown,pass520123
user521,Sophie,Garcia,pass521123
user522,Sophie,Smith,pass522123
user523,Olivia,Johnson,pass523123
user524,David,Davis,pass524123
user525,John,Brown,pass525123
user526,David,Brown,pass526123
user527,Liam,Williams,pass527123
user528,John,Garcia,pass528123
user529,Emma,Smith,pass529123
user530,David,Smith,pass530123
user531,Anna,Garcia,pass531123
user532,David,Johnson,pass532123
user533,Liam,Williams,pass533123
user534,Liam,Martinez,pass534123
user535,Chris,Johnson,pass535123
user536,Chris,Brown,pass536123
user537,David,Brown,pass537123
user538,Laura,Brown,pass538123
user539,Laura,Brown,pass539123
user540,Emma,Davis,pass540123
user541,Chris,Smith,pass541123
user542,Sophie,Williams,pass542123
user543,Emma,Miller,pass543123
user544,Chris,Johnson,pass544123
user545,Anna,Wilson,pass545123
user546,Olivia,Brown,pass546123
user547,Emma,Garcia,pass547123
user548,Chris,Jones,pass548123
user549,David,Jones,pass549123
user550,John,Johnson,pass550123
user551,Liam,Garcia,pass551123
user552,David,Martinez,pass552123
user553,John,Jones,pass553123
user554,Emma,Jones,pass554123
user555,Sophie,Miller,pass555123
user556,Laura,Johnson,pass556123
user557,Liam,Smith,pass557123
user558,Mike,Brown,pass558123
user559,Mike,Wilson,pass559123
user560,Olivia,Davis,pass560123
user561,Laura,Miller,pass561123
user562,Sophie,Johnson,pass562123
user563,Olivia,Johnson,pass563123
user564,Mike,Johnson,pass564123
user565,Anna,Martinez,pass565123
user566,Mike,Jones,pass566123
user567,Olivia,Davis,pass567123
user568,Liam,Jones,pass568123
user569,Emma,Miller,pass569123
user570,Anna,Brown,pass570123
user571,John,Garcia,pass571123
user572,Olivia,Williams,pass572123
user573,John,Wilson,pass573123
user574,David,Smith,pass574123
user575,Emma,Miller,pass575123
user576,Anna,Brown,pass576123
user577,David,Brown,pass577123
user578,Olivia,Brown,pass578123
user579,David,Davis,pass579123
user580,John,Garcia,pass580123
user581,John,Wilson,pass581123
user582,Laura,Brown,pass582123
user583,Anna,Johnson,pass583123
user584,Liam,Jones,pass584123
user585,Liam,Jones,pass585123
user586,Emma,Wilson,pass586123
user587,Emma,Johnson,pass587123
user588,Laura,Johnson,pass588123
user589,Laura,Brown,pass589123
user590,Anna,Garcia,pass590123
user591,Liam,Brown,pass591123
user592,David,Miller,pass592123
user593,John,Smith,pass593123
user594,Chris,Johnson,pass594123
user595,David,Wilson,pass595123
user596,Laura,Wilson,pass596123
user597,Olivia,Jones,pass597123
user598,Anna,Jones,pass598123
user599,Sophie,Smith,pass599123
user600,David,Brown,pass600123
user601,Liam,Martinez,pass601123
user602,Sophie,Jones,pass602123
user603,Olivia,Johnson,pass603123
user604,Liam,Jones,pass604123
user605,Chris,Johnson,pass605123
user606,Olivia,Garcia,pass606123
user607,John,Smith,pass607123
user608,Sophie,Wilson,pass608123
user609,Mike,Johnson,pass609123
user610,Laura,Williams,pass610123
user611,Laura,Smith,pass611123
user612,Sophie,Brown,pass612123
user613,Mike,Smith,pass613123
user614,Laura,Martinez,pass614123
user615,Olivia,Davis,pass615123
user616,Anna,Johnson,pass616123
user617,Sophie,Garcia,pass617123
user618,Anna,Jones,pass618123
user619,Mike,Smith,pass619123
user620,Chris,Johnson,pass620123
user621,Olivia,Jones,pass621123
user622,Liam,Smith,pass622123
user623,Liam,Williams,pass623123
user624,Anna,Johnson,pass624123
user625,Sophie,Garcia,pass625123
user626,Emma,Wilson,pass626123
user627,Mike,Johnson,pass627123
user628,Liam,Smith,pass628123
user629,John,Williams,pass629123
user630,Laura,Martinez,pass630123
user631,David,Garcia,pass631123
user632,Emma,Garcia,pass632123
user633,Anna,Brown,pass633123
user634,Liam,Williams,pass634123
user635,Chris,Jones,pass635123
user636,John,Jones,pass636123
user637,Chris,Davis,pass637123
user638,Laura,Smith,pass638123
user639,Anna,Jones,pass639123
user640,Liam,Johnson,pass640123
user641,Chris,Jones,pass641123
user642,Laura,Martinez,pass642123
user643,Mike,Miller,pass643123
user644,Mike,Garcia,pass644123
user645,Emma,Jones,pass645123
user646,Laura,Garcia,pass646123
user647,Laura,Jones,pass647123
user648,Laura,Brown,pass648123
user649,Mike,Davis,pass649123
user650,Anna,Williams,pass650123
user651,John,Johnson,pass651123
user652,Sophie,Jones,pass652123
user653,Chris,Martinez,pass653123
user654,Anna,Davis,pass654123
user655,Olivia,Wilson,pass655123
user656,Mike,Davis,pass656123
user657,Laura,Smith,pass657123
user658,Sophie,Johnson,pass658123
user659,Sophie,Martinez,pass659123
user660,Olivia,Miller,pass660123
user661,Liam,Martinez,pass661123
user662,John,Garcia,pass662123
user663,David,Johnson,pass663123
user664,Anna,Martinez,pass664123
user665,Chris,Smith,pass665123
user666,John,Wilson,pass666123
user667,Anna,Martinez,pass667123
user668,Laura,Davis,pass668123
user669,Liam,Miller,pass669123
user670,Chris,Martinez,pass670123
user671,Emma,Williams,pass671123
user672,Anna,Garcia,pass672123
user673,Chris,Wilson,pass673123
user674,Anna,Johnson,pass674123
user675,Mike,Jones,pass675123
user676,Liam,Miller,pass676123
user677,Anna,Martinez,pass677123
user678,Anna,Brown,pass678123
user679,Sophie,Smith,pass679123
user680,Laura,Williams,pass680123
user681,Anna,Johnson,pass681123
user682,John,Williams,pass682123
user683,Sophie,Johnson,pass683123
user684,Sophie,Wilson,pass684123
user685,David,Wilson,pass685123
user686,Anna,Jones,pass686123
user687,John,Jones,pass687123
user688,Emma,Miller,pass688123
user689,Olivia,Garcia,pass689123
user690,John,Johnson,pass690123
user691,Laura,Martinez,pass691123
user692,John,Wilson,pass692123
user693,Mike,Williams,pass693123
user694,Chris,Miller,pass694123
user695,Laura,Johnson,pass695123
user696,Laura,Williams,pass696123
user697,Olivia,Martinez,pass697123
user698,Liam,Williams,pass698123
user699,Mike,Wilson,pass699123
user700,Laura,Martinez,pass700123
user701,Chris,Miller,pass701123
user702,Liam,Wilson,pass702123
user703,David,Miller,pass703123
user704,John,Johnson,pass704123
user705,Mike,Miller,pass705123
user706,Olivia,Smith,pass706123
user707,Chris,Smith,pass707123
user708,Sophie,Wilson,pass708123
user709,Laura,Miller,pass709123
user710,Liam,Williams,pass710123
user711,John,Wilson,pass711123
user712,Emma,Jones,pass712123
user713,Liam,Jones,pass713123
user714,Sophie,Martinez,pass714123
user715,Liam,Johnson,pass715123
user716,Sophie,Johnson,pass716123
user717,Olivia,Williams,pass717123
user718,John,Garcia,pass718123
user719,Chris,Johnson,pass719123
user720,David,Miller,pass720123
user721,John,Johnson,pass721123
user722,Emma,Garcia,pass722123
user723,Laura,Wilson,pass723123
user724,Liam,Miller,pass724123
user725,Emma,Jones,pass725123
user726,David,Brown,pass726123
user727,Anna,Wilson,pass727123
user728,Chris,Martinez,pass728123
user729,Liam,Davis,pass729123
user730,John,Jones,pass730123
user731,Chris,Wilson,pass731123
user732,Liam,Martinez,pass732123
user733,Laura,Williams,pass733123
user734,David,Miller,pass734123
user735,David,Williams,pass735123
user736,John,Williams,pass736123
user737,Mike,Williams,pass737123
user738,Olivia,Jones,pass738123
user739,David,Martinez,pass739123
user740,Chris,Wilson,pass740123
user741,David,Davis,pass741123
user742,Emma,Williams,pass742123
user743,Liam,Williams,pass743123
user744,Olivia,Williams,pass744123
user745,Mike,Johnson,pass745123
user746,Emma,Wilson,pass746123
user747,Anna,Smith,pass747123
user748,Anna,Williams,pass748123
user749,Olivia,Garcia,pass749123
user750,Emma,Williams,pass750123
user751,Anna,Jones,pass751123
user752,John,Smith,pass752123
user753,Olivia,Jones,pass753123
user754,Olivia,Wilson,pass754123
user755,Anna,Brown,pass755123
user756,Anna,Miller,pass756123
user757,Liam,Garcia,pass757123
user758,Sophie,Williams,pass758123
user759,Chris,Williams,pass759123
user760,John,Jones,pass760123
user761,Laura,Garcia,pass761123
user762,Laura,Davis,pass762123
user763,Liam,Williams,pass763123
user764,John,Jones,pass764123
user765,David,Davis,pass765123
user766,John,Jones,pass766123
user767,Laura,Brown,pass767123
user768,Mike,Johnson,pass768123
user769,John,Garcia,pass769123
user770,Sophie,Miller,pass770123
user771,John,Smith,pass771123
user772,Mike,Miller,pass772123
user773,Chris,Jones,pass773123
user774,Mike,Miller,pass774123
user775,John,Brown,pass775123
user776,Olivia,Johnson,pass776123
user777,Laura,Smith,pass777123
user778,Laura,Martinez,pass778123
user779,Emma,Wilson,pass779123
user780,Emma,Martinez,pass780123
user781,David,Jones,pass781123
user782,Liam,Martinez,pass782123
user783,Olivia,Davis,pass783123
user784,Liam,Brown,pass784123
user785,Sophie,Miller,pass785123
user786,Sophie,Smith,pass786123
user787,Olivia,Miller,pass787123
user788,Laura,Davis,pass788123
user789,Liam,Johnson,pass789123
user790,David,Brown,pass790123
user791,Olivia,Smith,pass791123
user792,Chris,Williams,pass792123
user793,Sophie,Martinez,pass793123
user794,Emma,Miller,pass794123
user795,Chris,Martinez,pass795123
user796,David,Wilson,pass796123
user797,Anna,Martinez,pass797123
user798,Sophie,Williams,pass798123
user799,Emma,Jones,pass799123
user800,Chris,Wilson,pass800123
user801,Laura,Williams,pass801123
user802,Olivia,Jones,pass802123
user803,Olivia,Miller,pass803123
user804,Anna,Smith,pass804123
user805,Sophie,Smith,pass805123
user806,Olivia,Johnson,pass806123
user807,Mike,Wilson,pass807123
user808,Mike,Johnson,pass808123
user809,Mike,Williams,pass809123
user810,David,Williams,pass810123
user811,Sophie,Johnson,pass811123
user812,John,Williams,pass812123
user813,Emma,Johnson,pass813123
user814,Emma,Davis,pass814123
user815,Mike,Martinez,pass815123
user816,Chris,Jones,pass816123
user817,John,Wilson,pass817123
user818,Anna,Smith,pass818123
user819,Laura,Davis,pass819123
user820,John,Jones,pass820123
user821,Chris,Garcia,pass821123
user822,Mike,Smith,pass822123
user823,David,Williams,pass823123
user824,Liam,Williams,pass824123
user825,Chris,Davis,pass825123
user826,Emma,Johnson,pass826123
user827,Sophie,Wilson,pass827123
user828,Chris,Johnson,pass828123
user829,David,Johnson,pass829123
user830,Sophie,Davis,pass830123
user831,John,Davis,pass831123
user832,Emma,Davis,pass832123
user833,David,Garcia,pass833123
user834,David,Jones,pass834123
user835,Liam,Smith,pass835123
user836,Chris,Johnson,pass836123
user837,Laura,Wilson,pass837123
user838,Emma,Smith,pass838123
user839,Liam,Williams,pass839123
user840,Emma,Jones,pass840123
user841,Olivia,Davis,pass841123
user842,Laura,Miller,pass842123
user843,Anna,Martinez,pass843123
user844,John,Jones,pass844123
user845,Mike,Smith,pass845123
user846,John,Martinez,pass846123
user847,Emma,Williams,pass847123
user848,Olivia,Davis,pass848123
user849,Chris,Wilson,pass849123
user850,Chris,Martinez,pass850123
user851,Sophie,Miller,pass851123
user852,Emma,Wilson,pass852123
user853,Mike,Jones,pass853123
user854,Chris,Garcia,pass854123
user855,Laura,Miller,pass855123
user856,Laura,Davis,pass856123
user857,Chris,Williams,pass857123
user858,Sophie,Wilson,pass858123
user859,Chris,Davis,pass859123
user860,John,Garcia,pass860123
user861,Emma,Williams,pass861123
user862,Liam,Garcia,pass862123
user863,David,Johnson,pass863123
user864,John,Williams,pass864123
user865,Anna,Miller,pass865123
user866,Anna,Davis,pass866123
user867,Sophie,Davis,pass867123
user868,David,Brown,pass868123
user869,David,Miller,pass869123
user870,Anna,Davis,pass870123
user871,Olivia,Smith,pass871123
user872,David,Brown,pass872123
user873,Laura,Johnson,pass873123
user874,Liam,Miller,pass874123
user875,Liam,Jones,pass875123
user876,Mike,Johnson,pass876123
user877,David,Jones,pass877123
user878,Emma,Brown,pass878123
user879,Emma,Miller,pass879123
user880,Sophie,Smith,pass880123
user881,Mike,Davis,pass881123
user882,Sophie,Williams,pass882123
user883,David,Williams,pass883123
user884,Laura,Wilson,pass884123
user885,Liam,Miller,pass885123
user886,Chris,Brown,pass886123
user887,Mike,Williams,pass887123
user888,Chris,Davis,pass888123
user889,Laura,Williams,pass889123
user890,Mike,Martinez,pass890123
user891,Liam,Martinez,pass891123
user892,David,Brown,pass892123
user893,Anna,Brown,pass893123
user894,Laura,Brown,pass894123
user895,Emma,Martinez,pass895123
user896,Emma,Garcia,pass896123
user897,Mike,Davis,pass897123
user898,Laura,Wilson,pass898123
user899,Anna,Jones,pass899123
user900,Anna,Davis,pass900123
user901,Olivia,Brown,pass901123
user902,Chris,Brown,pass902123
user903,Emma,Garcia,pass903123
user904,Mike,Miller,pass904123
user905,Anna,Garcia,pass905123
user906,Anna,Martinez,pass906123
user907,Laura,Davis,pass907123
user908,Sophie,Wilson,pass908123
user909,Mike,Johnson,pass909123
user910,Laura,Miller,pass910123
user911,Anna,Williams,pass911123
user912,Emma,Garcia,pass912123
user913,Chris,Brown,pass913123
user914,Anna,Johnson,pass914123
user915,Sophie,Martinez,pass915123
user916,Mike,Smith,pass916123
user917,David,Jones,pass917123
user918,Anna,Jones,pass918123
user919,Laura,Smith,pass919123
user920,Mike,Smith,pass920123
user921,David,Brown,pass921123
user922,Sophie,Miller,pass922123
user923,Laura,Davis,pass923123
user924,Laura,Johnson,pass924123
user925,Chris,Brown,pass925123
user926,Mike,Johnson,pass926123
user927,Chris,Brown,pass927123
user928,Mike,Brown,pass928123
user929,Olivia,Wilson,pass929123
user930,Laura,Smith,pass930123
user931,David,Garcia,pass931123
user932,Anna,Wilson,pass932123
user933,Anna,Davis,pass933123
user934,Emma,Davis,pass934123
user935,Anna,Martinez,pass935123
user936,Olivia,Johnson,pass936123
user937,Mike,Garcia,pass937123
user938,John,Martinez,pass938123
user939,David,Garcia,pass939123
user940,Chris,Williams,pass940123
user941,Olivia,Wilson,pass941123
user942,Anna,Jones,pass942123
user943,David,Williams,pass943123
user944,Olivia,Williams,pass944123
user945,Chris,Martinez,pass945123
user946,Olivia,Smith,pass946123
user947,John,Johnson,pass947123
user948,Anna,Wilson,pass948123
user949,Laura,Smith,pass949123
user950,Anna,Wilson,pass950123
user951,David,Miller,pass951123
user952,Chris,Martinez,pass952123
user953,Mike,Johnson,pass953123
user954,Emma,Brown,pass954123
user955,Anna,Johnson,pass955123
user956,Sophie,Jones,pass956123
user957,Emma,Williams,pass957123
user958,Emma,Brown,pass958123
user959,Olivia,Davis,pass959123
user960,Liam,Williams,pass960123
user961,Chris,Jones,pass961123
user962,Laura,Davis,pass962123
user963,Emma,Martinez,pass963123
user964,Mike,Martinez,pass964123
user965,David,Williams,pass965123
user966,Liam,Garcia,pass966123
user967,John,Jones,pass967123
user968,Anna,Johnson,pass968123
user969,Emma,Williams,pass969123
user970,Chris,Smith,pass970123
user971,Sophie,Jones,pass971123
user972,Olivia,Brown,pass972123
user973,Emma,Miller,pass973123
user974,Anna,Johnson,pass974123
user975,Mike,Wilson,pass975123
user976,Olivia,Martinez,pass976123
user977,Laura,Brown,pass977123
user978,Anna,Williams,pass978123
user979,David,Johnson,pass979123
user980,Emma,Jones,pass980123
user981,Sophie,Martinez,pass981123
user982,Laura,Brown,pass982123
user983,David,Garcia,pass983123
user984,Mike,Wilson,pass984123
user985,Anna,Johnson,pass985123
user986,Laura,Jones,pass986123
user987,John,Garcia,pass987123
user988,Mike,Miller,pass988123
user989,Anna,Miller,pass989123
user990,Mike,Williams,pass990123
user991,David,Williams,pass991123
user992,Olivia,Martinez,pass992123
user993,Liam,Brown,pass993123
user994,Mike,Davis,pass994123
user995,Sophie,Johnson,pass995123
user996,Olivia,Smith,pass996123
user997,Mike,Martinez,pass997123
user998,John,Wilson,pass998123
user999,Anna,Miller,pass999123
user1000,John,Davis,pass1000123
